Claim ID,Patient ID,NPI,CPT,Modifier,Units,ICD-10,Policy #,Date of Service,POS,Billed Amount,Allowed Amount,Copay,Deductible,Coinsurance %
CLM0089,P1089,1890838638,J1885,LT,1,E11.9,POL55293,2026-08-30,02,$30.81,$23.71,15,0,10
CLM0063,P1063,1196001337,99395,,1,E78.5,POL82529,2026-09-09,11,$221.48,$162.46,20,0,0
CLM0009,P1009,1104332188,36415,25,1,Z00.00,POL76542,2026-08-30,11,$13.81,$10.78,20,50,0
CLM0131,P1131,1794026546,99214,,1,R51,POL29709,2025-09-02,11,$218.38,,20,0,20
CLM0130,P1130,1104332188,36415,,1,E78.5,POL18639,2025-09-02,11,$16.03,,20,0,20
CLM0015,P1015,1196001337,99214,RT,1,Z00.00,POL41850,2026-08-28,22,$211.83,$134.10,30,50,10
CLM0134,P1134,1794026546,ABC12,,1,E78.5,POL26750,2026-09-12,11,$0.00,,20,0,20
CLM0038,P1038,1794026546,99395,LT,1,M25.561,POL52237,2026-09-28,22,$235.39,$153.60,30,50,20
CLM0093,P1093,1794026546,99395,59,1,E11.9,POL64460,2026-09-05,11,$255.95,$159.34,20,0,20
CLM0059,P1059,1104332188,0521F,,1,M25.561,POL72402,2026-09-23,22,$0.00,$0.00,30,0,20
CLM0090,P1090,1794026546,99395,25,1,Z00.00,POL59986,2026-09-09,02,$230.36,$160.37,25,0,0
CLM0126,P1126,1890838638,99214,25,1,F41.1,POL87867,2026-09-26,02,$204.90,$165.54,0,0,20
CLM0053,P1053,1196001337,99214,,1,Z00.00,POL35995,2026-08-22,11,$203.53,$137.99,25,25,20
CLM0086,P1086,1196001337,99214,,1,Z00.00,POL49251,2026-09-23,11,$221.49,$138.35,0,25,0
CLM0082,P1082,1794026546,0521F,,1,F41.1,POL15720,2026-09-16,11,$0.00,$0.00,25,0,10
CLM0079,P1079,1890838638,J1885,RT,1,M25.561,POL82255,2026-09-11,11,$28.09,$20.24,25,0,10
CLM0042,P1042,1196001337,93000,LT,1,M54.5,POL27477,2026-08-15,22,$56.30,$34.49,15,0,10
CLM0046,P1046,1794026546,36415,,1,K21.9,POL72518,2026-09-02,11,$14.97,$11.86,0,50,10
CLM0102,P1102,1104332188,99213,,1,E78.5,POL38305,2026-09-20,11,$161.61,$105.26,30,0,20
CLM0072,P1072,1794026546,99213,59,1,E78.5,POL98117,2026-09-12,11,$138.78,$91.21,30,50,0
CLM0024,P1024,1890838638,J1885,,1,I10,POL37938,2026-08-30,02,$29.24,$21.66,0,0,20
CLM0025,P1025,1196001337,99395,,1,E78.5,POL95717,2026-09-13,02,$238.54,$152.53,30,0,20
CLM0096,P1096,1890838638,99213,,1,M25.561,POL93695,2026-08-30,11,$149.06,$117.35,20,50,10
CLM0017,P1017,1794026546,99213,LT,1,E78.5,POL34050,2026-09-22,11,$145.46,$94.19,25,0,10
CLM0107,P1107,1890838638,99214,,1,R51,POL52622,2026-09-24,22,$207.95,$157.23,30,50,20
CLM0049,P1049,1794026546,99213,59,1,R51,POL16590,2026-08-17,11,$138.81,$105.59,15,25,0
CLM0022,P1022,1794026546,99203,59,1,I10,POL86503,2026-09-13,02,$196.80,$120.04,0,25,20
CLM0006,P1006,1794026546,J1885,,1,F41.1,POL86622,2026-09-12,22,$26.54,$20.87,30,0,20
CLM0109,P1109,1196001337,J1885,,1,K21.9,POL97177,2026-08-30,11,$27.99,$21.90,20,25,10
CLM0141,P1141,1794026546,99212,,1,E11.9,POL63852,2026-09-17,11,$110.00,,20,0,20
CLM0044,P1044,1196001337,99395,LT,1,Z00.00,POL47450,2026-08-26,11,$244.06,$161.03,25,0,20
CLM0023,P1023,1890838638,0521F,,1,Z00.00,POL94607,2026-08-17,11,$0.00,$0.00,25,0,20
CLM0069,P1069,1890838638,99203,RT,1,Z00.00,POL35928,2026-08-30,22,$177.50,$116.86,20,50,20
CLM0070,P1070,1196001337,99214,,1,M54.5,POL84607,2026-09-19,11,$205.54,$131.85,20,50,20
CLM0055,P1055,1104332188,36415,RT,1,M25.561,POL93307,2026-09-28,22,$16.35,$13.17,0,25,10
CLM0010,P1010,1196001337,99395,,1,M54.5,POL52487,2026-09-18,22,$246.69,$196.03,30,0,20
CLM0097,P1097,1196001337,99214,,1,F41.1,POL18285,2026-08-20,22,$241.31,$178.65,30,0,20
CLM0074,P1074,1890838638,J1885,,1,K21.9,POL74942,2026-09-08,11,$29.51,$24.03,20,25,20
CLM0099,P1099,1794026546,99212,,1,F41.1,POL30253,2026-08-17,22,$122.09,$94.51,30,25,20
CLM0002,P1002,1104332188,0521F,,1,K21.9,POL19116,2026-08-24,11,$0.00,$0.00,20,50,0
CLM0101,P1101,1890838638,36415,25,1,E11.9,POL37801,2026-09-16,02,$16.70,$13.98,25,0,20
CLM0138,P1138,1890838638,99214,,1,I10,,2026-09-11,11,$220.00,,20,0,20
CLM0032,P1032,1104332188,99212,LT,1,K21.9,POL39831,2026-09-26,11,$120.09,$78.73,25,0,10
CLM0052,P1052,1196001337,99212,25,1,M54.5,POL31992,2026-08-17,02,$103.72,$86.81,25,0,10
CLM0075,P1075,1104332188,93000,,1,F41.1,POL96200,2026-09-08,02,$53.38,$33.57,25,50,0
CLM0030,P1030,1890838638,99213,LT,1,E78.5,POL83385,2026-09-26,22,$164.97,$107.65,15,0,10
CLM0040,P1040,1104332188,36415,RT,1,J06.9,POL90120,2026-09-14,11,$16.22,$10.33,0,0,10
CLM0135,P1135,1794026546,99214,,1,E11..9,POL57425,2026-09-28,11,$220.00,,20,0,20
CLM0027,P1027,1890838638,99203,RT,1,J06.9,POL93136,2026-08-19,22,$207.21,$150.51,20,0,0
CLM0091,P1091,1890838638,36415,,2,Z00.00,POL75107,2026-09-03,11,$14.62,$10.84,0,50,20
CLM0081,P1081,1890838638,99395,59,1,R51,POL53573,2026-08-17,02,$244.30,$155.66,30,25,10
CLM0057,P1057,1890838638,99395,LT,1,J06.9,POL97580,2026-09-23,22,$234.19,$166.91,25,50,20
CLM0064,P1064,1794026546,99212,LT,1,I10,POL16734,2026-09-28,11,$113.83,$81.66,25,0,0
CLM0106,P1106,1794026546,99395,,1,E11.9,POL68138,2026-08-29,11,$261.47,$184.75,0,25,20
CLM0077,P1077,1890838638,99212,RT,1,F41.1,POL30758,2026-08-28,11,$103.87,$87.59,30,0,20
CLM0085,P1085,1104332188,93000,LT,1,E78.5,POL14705,2026-08-16,02,$60.05,$41.73,20,25,20
CLM0008,P1008,1794026546,99214,59,1,K21.9,POL80381,2026-08-30,11,$225.68,$190.20,0,0,20
CLM0088,P1088,1196001337,99212,59,1,I10,POL70443,2026-09-04,11,$114.83,$75.81,30,0,0
CLM0034,P1034,1890838638,0521F,,1,E11.9,POL88193,2026-09-12,22,$0.00,$0.00,20,0,0
CLM0039,P1039,1794026546,J1885,59,1,J06.9,POL77561,2026-08-29,02,$30.20,$25.37,15,0,10
CLM0047,P1047,1890838638,36415,LT,1,K21.9,POL38760,2026-08-25,11,$16.04,$11.81,30,0,10
CLM0110,P1110,1196001337,36415,,1,F41.1,POL17861,2026-09-23,02,$14.08,$8.79,20,0,20
CLM0036,P1036,1196001337,0521F,25,1,E78.5,POL26334,2026-09-24,11,$0.00,$0.00,30,0,20
CLM0020,P1020,1794026546,93000,,1,M54.5,POL51104,2026-09-10,11,$52.99,$32.57,30,0,20
CLM0028,P1028,1104332188,99395,,1,E11.9,POL66057,2026-09-20,02,$251.38,$167.29,25,50,20
CLM0116,P1116,1104332188,99214,,1,M54.5,POL89570,2026-08-20,22,$204.59,$126.93,25,25,10
CLM0003,P1003,1890838638,99203,LT,1,I10,POL58520,2026-09-14,11,$207.73,$144.38,25,0,0
CLM0084,P1084,1794026546,99214,59,1,I10,POL44737,2026-08-30,11,$203.08,$129.17,15,0,10
CLM0001,P1001,1196001337,99212,,1,E78.5,POL15695,2026-09-23,22,$109.56,$75.57,20,50,10
CLM0094,P1094,1196001337,99203,,1,M25.561,POL48684,2026-08-26,11,$193.87,$129.53,15,0,10
CLM0129,P1129,1196001337,0521F,,1,Z00.00,POL60779,2025-08-28,11,$0.00,,20,0,20
CLM0076,P1076,1794026546,J1885,,1,E11.9,POL45003,2026-08-26,02,$27.79,$21.93,25,0,0
CLM0142,P1141,1794026546,99212,,1,E11.9,POL63852,2026-09-17,11,$110.00,,20,0,20
CLM0122,P1122,1104332188,93000,25,1,J06.9,POL53655,2026-08-22,11,$55.00,$34.08,20,0,0
CLM0005,P1005,1890838638,99203,,1,E11.9,POL51245,2026-09-26,11,$205.39,$143.83,0,0,20
CLM0118,P1118,1196001337,99213,59,1,K21.9,POL47938,2026-09-25,11,$138.23,$93.35,15,0,10
CLM0120,P1120,1794026546,99214,25,1,E11.9,POL85156,2026-09-27,22,$222.63,$137.91,20,50,10
CLM0043,P1043,1890838638,0521F,59,1,F41.1,POL72216,2026-08-27,22,$0.00,$0.00,25,0,20
CLM0013,P1013,1890838638,99203,RT,1,K21.9,POL39451,2026-08-18,11,$188.99,$155.90,25,0,0
CLM0041,P1041,1794026546,J1885,,1,R51,POL10726,2026-08-14,11,$29.66,$21.46,15,0,20
CLM0108,P1108,1890838638,0521F,59,1,F41.1,POL38183,2026-08-21,22,$0.00,$0.00,0,50,20
CLM0132,P1132,1196001337,99214,,1,Z00.00,POL95990,2025-08-10,11,$239.25,,20,0,20
CLM0087,P1087,1890838638,99213,,1,E11.9,POL99364,2026-09-06,11,$149.25,$94.98,30,25,20
CLM0104,P1104,1890838638,99213,59,1,J06.9,POL24896,2026-09-08,11,$138.47,$92.27,15,25,20
CLM0133,P1133,1234567890,93000,,1,R51,POL21104,2026-09-19,11,$55.00,,20,0,20
CLM0031,P1031,1196001337,99212,LT,1,M54.5,POL42527,2026-09-17,11,$120.59,$73.10,20,25,20
CLM0111,P1111,1890838638,0521F,25,1,I10,POL88696,2026-09-06,11,$0.00,$0.00,25,0,10
CLM0127,P1127,1794026546,93000,59,1,R51,POL72341,2026-09-26,02,$55.55,$44.58,15,0,20
CLM0051,P1051,1104332188,99213,,1,E78.5,POL36130,2026-08-18,11,$140.06,$117.56,0,0,0
CLM0139,P1139,1104332188,0521F,,1,E78.5,POL91006,2026-10-08,11,$0.00,,20,0,20
CLM0125,P1125,1890838638,36415,25,1,M54.5,POL56129,2026-08-29,02,$15.13,$10.22,20,50,0
CLM0004,P1004,1890838638,99203,59,1,I10,POL45382,2026-08-19,02,$181.30,$141.83,15,25,10
CLM0045,P1045,1890838638,99395,59,1,E78.5,POL64377,2026-09-23,22,$227.44,$149.61,15,0,0
CLM0100,P1100,1794026546,99214,25,1,R51,POL57537,2026-09-11,11,$203.84,$141.19,25,25,0
CLM0029,P1029,1104332188,99213,RT,1,I10,POL66333,2026-09-19,11,$154.37,$124.83,30,50,0
CLM0012,P1012,1196001337,0521F,RT,1,M54.5,POL37760,2026-08-29,02,$0.00,$0.00,30,50,10
CLM0056,P1056,1794026546,99212,RT,1,M54.5,POL67091,2026-08-26,02,$122.44,$81.73,30,25,10
CLM0019,P1019,1794026546,93000,,1,F41.1,POL69638,2026-09-03,11,$60.53,$38.81,0,25,10
CLM0066,P1066,1196001337,99214,59,1,I10,POL69049,2026-09-02,22,$229.08,$182.73,15,50,10
CLM0058,P1058,1104332188,36415,LT,1,F41.1,POL88139,2026-09-17,11,$15.26,$10.51,20,0,10
CLM0035,P1035,1890838638,36415,59,2,K21.9,POL67154,2026-09-21,11,$14.96,$11.13,20,0,20
CLM0123,P1123,1104332188,99214,59,1,M25.561,POL29194,2026-09-16,11,$242.26,$166.52,15,0,0
CLM0128,P1128,1104332188,99212,,1,F41.1,POL67377,2026-09-07,22,$122.81,$76.28,15,0,0
CLM0011,P1011,1104332188,99213,LT,1,E78.5,POL73699,2026-09-09,11,$145.18,$95.85,30,0,0
CLM0037,P1037,1890838638,0521F,,1,K21.9,POL59695,2026-09-03,11,$0.00,$0.00,15,25,20
CLM0016,P1016,1196001337,93000,,1,I10,POL95649,2026-08-17,11,$55.34,$39.06,25,0,20
CLM0067,P1067,1794026546,99395,59,1,Z00.00,POL37659,2026-08-20,11,$223.69,$187.91,0,0,20
CLM0092,P1092,1890838638,99203,RT,1,J06.9,POL94717,2026-09-16,11,$198.39,$152.65,15,0,20
CLM0014,P1014,1104332188,36415,59,1,R51,POL14117,2026-08-22,11,$14.46,$8.93,0,0,0
CLM0071,P1071,1104332188,J1885,RT,1,F41.1,POL67377,2026-09-09,11,$29.68,$24.80,30,50,10
CLM0048,P1048,1794026546,93000,25,1,E11.9,POL91560,2026-09-07,02,$57.96,$46.34,15,25,0
CLM0117,P1117,1890838638,93000,LT,1,J06.9,POL79066,2026-08-27,11,$51.85,$36.68,20,50,10
CLM0136,P1136,1890838638,36415,XYZ,1,M54.5,POL38074,2026-09-18,11,$15.00,,20,0,20
CLM0083,P1083,1794026546,J1885,RT,1,K21.9,POL87356,2026-08-18,11,$31.25,$22.62,0,0,20
CLM0007,P1007,1890838638,93000,,1,J06.9,POL30969,2026-08-27,22,$56.03,$44.20,0,0,20
CLM0033,P1033,1196001337,99213,,1,K21.9,POL76768,2026-09-11,22,$163.93,$137.98,20,0,20
CLM0112,P1112,1104332188,36415,59,1,R51,POL58176,2026-09-19,11,$15.77,$10.35,0,0,20
CLM0018,P1018,1196001337,J1885,25,1,I10,POL40982,2026-08-24,11,$26.31,$20.08,30,0,0
CLM0078,P1078,1104332188,0521F,25,1,M25.561,POL94896,2026-09-23,11,$0.00,$0.00,0,25,0
CLM0103,P1103,1196001337,36415,,1,R51,POL13379,2026-09-19,11,$16.76,$12.32,15,0,20
CLM0026,P1026,1890838638,99213,,1,I10,POL46930,2026-09-12,02,$141.46,$88.66,30,0,10
CLM0105,P1105,1794026546,J1885,59,1,E78.5,POL96363,2026-08-22,02,$26.37,$19.14,30,0,20
CLM0021,P1021,1794026546,99213,LT,1,M25.561,POL87992,2026-08-26,11,$142.72,$119.91,0,0,0
CLM0124,P1124,1196001337,99203,,1,R51,POL85952,2026-08-18,22,$177.66,$148.85,25,25,20
CLM0054,P1054,1104332188,99203,LT,1,Z00.00,POL79827,2026-08-16,22,$197.62,$124.55,30,0,10
CLM0068,P1068,1196001337,99214,,1,J06.9,POL48175,2026-08-24,11,$205.70,$123.56,25,50,10
CLM0065,P1065,1104332188,J1885,25,1,I10,POL83772,2026-08-28,11,$26.17,$19.82,0,0,0
CLM0098,P1098,1794026546,99395,,1,I10,POL40775,2026-09-26,02,$266.22,$179.99,25,0,0
CLM0140,P1140,1196001337,93000,,1,M54.5,POL33703,2026-09-09,11,-$40.00,,20,0,20
CLM0119,P1119,1104332188,99214,RT,1,F41.1,POL97562,2026-09-01,11,$210.13,$146.05,15,50,20
CLM0113,P1113,1196001337,99395,LT,1,K21.9,POL89822,2026-08-24,11,$267.58,$215.30,30,50,0
CLM0095,P1095,1794026546,99214,,1,I10,POL21836,2026-09-14,22,$240.25,$187.65,25,50,10
CLM0050,P1050,1890838638,93000,25,1,J06.9,POL20735,2026-09-08,22,$54.31,$44.53,20,25,10
CLM0121,P1121,1890838638,93000,25,1,I10,POL57428,2026-09-27,11,$61.23,$39.37,30,25,20
CLM0080,P1080,1196001337,93000,59,1,R51,POL45018,2026-09-20,11,$60.10,$40.21,25,0,20
CLM0062,P1062,1196001337,99214,,1,J06.9,POL23176,2026-08-29,11,$214.57,$160.37,30,50,10
CLM0137,P1137,1196001337,J1885,,0,J06.9,POL28030,2026-09-24,11,$28.00,,20,0,20
CLM0060,P1060,1104332188,J1885,,1,I10,POL82544,2026-09-14,02,$28.02,$18.52,30,0,10
CLM0115,P1115,1196001337,99214,,1,E11.9,POL50846,2026-08-26,11,$211.87,$149.36,20,0,10
CLM0073,P1073,1196001337,99213,59,1,F41.1,POL74451,2026-08-18,11,$151.27,$101.28,30,25,20
CLM0114,P1114,1196001337,99213,RT,1,Z00.00,POL96159,2026-09-09,22,$165.65,$113.93,15,0,20
CLM0061,P1061,1794026546,36415,,1,M25.561,POL35242,2026-08-15,11,$15.16,$10.26,15,0,20
